slug (nombre del archivo de foto),producto,categoria,tiene_foto
aceite-oliovita-clasica-pet-x500ml,Aceite Oliovita clásica pet x500ml,Almacén,si
aceite-oliovita-mediterraneo-pet-x500ml,Aceite Oliovita mediterraneo pet x500ml,Almacén,si
aceite-de-coco-neutro-x360-entrenuts,Aceite de coco neutro x360 - Entrenuts,Almacén,si
aceite-de-coco-virgen-x200-entrenuts,Aceite de coco virgen x200 - Entrenuts,Almacén,si
aceto-balsamico-casalta-ahumado,Aceto Balsamico - Casalta ahumado,Almacén,si
aceto-balsamico-casalta-clasico,Aceto Balsamico - Casalta clásico,Almacén,si
alfajor-de-maicena-x-60-gr-themba,Alfajor de maicena x 60 gr themba,Almacén,si
alfajor-integrales-sin-azucar,Alfajor integrales sin azucar,Almacén,si
alfajor-keto-pasta-de-mani-vento,Alfajor keto pasta de mani - vento,Almacén,si
alfajores-choco-blanco-denale,Alfajores choco blanco - Denale,Almacén,
alfajores-choco-negro-denale,Alfajores choco negro- Denale,Almacén,
alfajores-naranja-y-coco-meltraim,Alfajores naranja y coco - Meltraim,Almacén,si
alfajores-surtidos-maixanas-x22u,Alfajores surtidos Maixanas x22u,Almacén,si
arbanit-cafe-vegano,Arbanit café vegano,Almacén,si
arbanit-ddl,Arbanit ddl,Almacén,si
barrita-chocolate-organico-colonial,Barrita chocolate organico - colonial,Almacén,si
barrita-integra-proteic-banana-y-ddl,Barrita integra proteic banana y ddl,Almacén,si
barrita-integra-proteic-doble-chocolate,Barrita integra proteic doble chocolate,Almacén,si
barrita-integra-proteica-avellanas,Barrita integra proteica avellanas,Almacén,si
barrita-integra-proteica-coco-y-ddl,Barrita integra proteica coco y ddl,Almacén,si
barrita-proteica-integra-dulce-de-leche,Barrita proteica integra dulce de leche,Almacén,si
batata-y-remolacha-80gr-nuestros-sabores,Batata y remolacha 80gr - Nuestros Sabores,Almacén,si
bizcochitos-salados-x150gr-smams,Bizcochitos salados x150gr - Smams,Almacén,si
bizcochos-delicel,Bizcochos delicel,Almacén,si
budin-banana-y-coco-rosario-veganas,Budin banana y coco - rosario veganas,Almacén,si
budin-limon-y-chia-rosario-veganas,Budin limón y chia - rosario veganas,Almacén,si
budin-zanahoria-y-naranja-rosario-veganas,Budin zanahoria y naranja - rosario veganas,Almacén,si
budin-choco-denale,Budín choco - Denale,Almacén,si
budin-vainilla-denale,Budín vainilla - Denale,Almacén,si
butter-cookies-vainilla-denale,Butter cookies - vainilla - Denale,Almacén,si
butter-cookies-chocolate-denale,Butter cookies- chocolate - Denale,Almacén,si
caja-alfajor-frutos-del-bosque-x8u-franks,Caja alfajor frutos del bosque x8u - Franks,Almacén,si
caja-alfajor-mousse-limon-x8u-franks,Caja alfajor mousse limón x8u - Franks,Almacén,si
caja-alfajor-pasta-de-mani-con-choco-x8u-franks,Caja alfajor pasta de maní con choco x8u - Franks,Almacén,si
cookie-avena-y-nuez-boccone,Cookie avena y nuez - Boccone,Almacén,si
cookie-avena-y-pasas-boccone,Cookie avena y pasas Boccone,Almacén,si
cookie-avena-chocolate-y-coco-boccone,"Cookie avena, chocolate y coco - Boccone",Almacén,si
cookie-avena-chia-limon-boccone,"Cookie avena, chía, limón - Boccone",Almacén,si
cookie-con-chips-de-chocolate-x2-unidades-rosario-veganas,Cookie con chips de chocolate x2 unidades - rosario veganas,Almacén,si
crackitas-integrales-clasicas,Crackitas integrales clasicas,Almacén,
crackitas-integrales-semillas,Crackitas integrales semillas,Almacén,
crakitas-integrales-cebolla-queso,Crakitas integrales cebolla-queso,Almacén,
crakitas-integrales-semilla-mostaza-y-romero,Crakitas integrales semilla mostaza y romero,Almacén,
datiles,Dátiles,Almacén,si
fideos-dona-dominga-remolacha,Fideos - Doña dominga- Remolacha,Almacén,si
fideos-ollita,Fideos Ollita,Almacén,si
fideos-sintacc-3-vegetales-x400gr-doninas,Fideos Sintacc - 3 vegetales x400gr - Doninas,Almacén,si
fideos-sintacc-tradicional-x400gr-doninas,Fideos Sintacc - tradicional x400gr - Doninas,Almacén,si
fideos-sintacc-al-huevo-el-colono-x300gr,Fideos sintacc al huevo - El colono x300gr,Almacén,si
fideos-sintacc-almorron-el-colono-x300gr,Fideos sintacc almorrón - El colono x300gr,Almacén,si
galetitas-limbus-jengibre-sin-azucar,Galetitas Limbus Jengibre sin azucar,Almacén,si
galetitas-limbus-algarrobo,Galetitas Limbus algarrobo,Almacén,si
galetitas-limbus-choco-y-avena,Galetitas Limbus choco y avena,Almacén,si
galetitas-limbus-pasas-y-avena,Galetitas Limbus pasas y avena,Almacén,si
galetitas-limbus-proteicas,Galetitas Limbus proteicas,Almacén,si
galles-veganas-coco-panamby,Galles veganas coco panamby,Almacén,si
galles-veganas-limon-panamby,Galles veganas limón panamby,Almacén,si
galletas-algarroba-y-jengibre,Galletas algarroba y jengibre,Almacén,si
galletas-algarroba-y-naranja,Galletas algarroba y naranja,Almacén,si
galletas-algarroba-y-nuez,Galletas algarroba y nuez,Almacén,si
galletas-de-arroz-risky-con-sal-100gr,Galletas de arroz risky con sal 100gr,Almacén,si
galletas-de-arroz-risky-dulces-100gr,Galletas de arroz risky dulces 100gr,Almacén,si
galletias-de-naranja-cereal,Galletias de naranja - cereal,Almacén,si
galletita-azul-integral-con-chips-cachafaz,Galletita azul integral con chips - cachafaz,Almacén,si
galletita-organica-avena-y-miel-cachafaz,Galletita organica avena y miel - cachafaz,Almacén,si
galletita-salada-capresse-x-100gr-bastoni,Galletita salada Capresse x 100gr- Bastoni,Almacén,si
galletita-salada-parmesano-y-aceituna-100gr-bastoni,Galletita salada Parmesano y aceituna 100gr- Bastoni,Almacén,si
galletita-salada-parmesano-y-amapola-x-100gr-bastoni,Galletita salada Parmesano y amapola x 100gr- Bastoni,Almacén,si
galletita-salada-aceituna-x-100gr-bastoni,Galletita salada aceituna x 100gr- Bastoni,Almacén,si
galletita-stevia-chocolate-trini,Galletita stevia chocolate- trini,Almacén,si
galletitas-chip-de-choco-x-200gr-doninas,Galletitas Chip de choco x 200gr - Doninas,Almacén,si
galletitas-chip-de-coco-y-ddl-x-200gr-doninas,Galletitas Chip de coco y ddl x 200gr - Doninas,Almacén,si
galletitas-avena-y-chips-x180gr-sanat,Galletitas avena y chips x180gr - Sanat,Almacén,si
galletitas-avena-y-pasas-sin-azucar-cereal,Galletitas avena y pasas sin azucar - cereal,Almacén,si
galletitas-choco-rellenas-smams,Galletitas choco rellenas - Smams,Almacén,si
galletitas-crakers-sin-sal-canvas,Galletitas crakers sin sal - Canvas,Almacén,si
galletitas-de-limon-cereal,Galletitas de limon- cereal,Almacén,si
galletitas-frutos-del-bosque-x200gr-doninas,Galletitas frutos del bosque x200gr - Doninas,Almacén,si
galletitas-integrales-coco-cereal,Galletitas integrales coco- cereal,Almacén,si
galletitas-integrales-limon-cereal,Galletitas integrales limon- cereal,Almacén,si
galletitas-integrales-vainilla-cereal,Galletitas integrales vainilla- cereal,Almacén,si
galletitas-marbe-coco-sin-azucar,Galletitas marbe coco sin azucar,Almacén,si
galletitas-marbe-frutos-rojos-sin-azucar,Galletitas marbe frutos rojos sin azucar,Almacén,si
galletitas-sin-azucar-limon-x150gr-doninas,Galletitas sin azucar limon x150gr Doninas,Almacén,si
galletitas-sin-azucar-naranja-x150-gr-doninas,Galletitas sin azucar naranja x150 gr - Doninas,Almacén,si
galletitas-stevia-vainilla-trini,Galletitas stevia vainilla - trini,Almacén,si
ghee-x-150gr-entrenuts,Ghee x 150gr - Entrenuts,Almacén,si
grisines-cebollas-140gr-naquet,Grisines cebollas 140gr - Naquet,Almacén,si
grisines-clasicos-140gr-naquet,Grisines clásicos 140gr - Naquet,Almacén,si
grisines-queso-140gr-naquet,Grisines queso 140gr - Naquet,Almacén,si
grisines-sanat-hierbas,Grisines sanat hierbas,Almacén,si
grisines-sanat-multisemilla,Grisines sanat multisemilla,Almacén,si
grisines-sueltos,Grisines sueltos,Almacén,si
hanks-protein-chocolate-x56gr,Hanks protein chocolate x56gr,Almacén,si
marineras-cereales-x160gr-sanat,Marineras cereales x160gr- Sanat,Almacén,si
marineras-sesamo-x160gr-sanat,Marineras sésamo x160gr- Sanat,Almacén,si
muffin-cacao-amargo-y-cascaritas-de-caranja-rosario-veganas,Muffin cacao amargo y cascaritas de caranja - rosario veganas,Almacén,si
muffin-chocolate-denale,Muffin chocolate - Denale,Almacén,si
muffin-naranja-y-amapola-rosario-veganas,Muffin naranja y amapola - rosario veganas,Almacén,si
muffin-vainilla-denale,Muffin vainilla - Denale,Almacén,si
nachos-risky-dit-nachos,Nachos risky dit nachos,Almacén,si
nina-galletitas-sin-azucar-lemon,Nina galletitas sin azucar lemon,Almacén,si
nina-galletitas-sin-azucar-vainilla,Nina galletitas sin azucar vainilla,Almacén,si
palmeritas-naquet,Palmeritas naquet,Almacén,si
papas-thai-80gr-nuestros-sabores,Papas Thai 80gr - Nuestros Sabores,Almacén,si
pastafrola-batata-denale,Pastafrola batata - Denale,Almacén,si
pastafrola-membrillo-denale,Pastafrola membrillo - Denale,Almacén,si
pepas-denale,Pepas - Denale,Almacén,si
pepas-mylen,Pepas Mylen,Almacén,si
pepas-algarroba-frutos-rojos-el-caserito,Pepas algarroba frutos rojos- el caserito,Almacén,
pepas-pepe-manjar-batata,Pepas pepe manjar - batata,Almacén,si
pepas-pepe-manjar-frutos-del-bosque,Pepas pepe manjar - frutos del bosque,Almacén,si
pepas-pepe-manjar-membrillo,Pepas pepe manjar - membrillo,Almacén,si
pita-chips-curucuma-115gr-almadre,Pita chips Cúrucuma 115gr - Almadre,Almacén,si
pochoclos-dulces-95gr-nuestros-sabores,Pochoclos dulces 95gr - Nuestros Sabores,Almacén,si
salsa-organica-pampa-gourmet,Salsa organica - Pampa gourmet,Almacén,si
snack-tomate-y-romero-130-gr-almadre,Snack Tomate y romero 130 gr- Almadre,Almacén,si
spaghetti-arroz-natural-fino-x280gr,Spaghetti arroz natural fino x280gr,Almacén,si
tableta-chocolate-coponi,Tableta chocolate Coponi,Almacén,si
tomate-triturado-organico-pampa-gourmet,Tomate triturado organico - Pampa gourmet,Almacén,si
tortilla-chip-80gr-nuestros-sabores,Tortilla chip 80gr - Nuestros Sabores,Almacén,si
tostadas-arroz-clasicas-felicite,Tostadas arroz clásicas Felicité,Almacén,si
tostadas-arroz-queso-felicite,Tostadas arroz queso Felicité,Almacén,si
tostadas-de-arroz-carilo-dulces-celiacos,Tostadas de arroz carilo dulces celiacos,Almacén,si
tostadas-nat-tost-x-200gr,Tostadas nat tost x 200gr,Almacén,si
vinagre-de-manzana-pampa-gourmet-250ml,Vinagre de manzana - Pampa gourmet 250ml,Almacén,si
vinagre-de-manzana-pampa-gourmet-500ml,Vinagre de manzana - Pampa gourmet 500ml,Almacén,si
vinagre-de-vino-organico-pampa-gourmet-250ml,Vinagre de vino organico - Pampa gourmet 250ml,Almacén,si
jugo-arandanos-sin-azucar-las-brisas,Jugo arandanos sin azucar- las brisas,Bebidas y refrigerados,si
jugo-chia-durazno-naranja-x250ml-chia-gral,"Jugo chía,durazno, naranja x250ml - Chía Gral",Bebidas y refrigerados,si
jugo-chia-frutilla-naranja-x250ml-chia-gral,"Jugo chía,frutilla,naranja x250ml - Chía Gral",Bebidas y refrigerados,si
jugo-chia-limon-jengibre-x250ml-chia-gral,"Jugo chía,limón,jengibre x250ml - Chía Gral",Bebidas y refrigerados,si
jugo-limon-jengibre-y-menta-las-brisas,Jugo limon jengibre y menta las brisas,Bebidas y refrigerados,si
jugo-limonada-del-bosque-x4-las-brisas,Jugo limonada del bosque x4 - Las brisas,Bebidas y refrigerados,si
jugo-liviano-las-brisas-multifruta,Jugo liviano las brisas - multifruta,Bebidas y refrigerados,si
jugo-liviano-limon-y-jengibre-x4-las-brisas,Jugo liviano limón y jengibre x4 - Las brisas,Bebidas y refrigerados,si
jugo-liviano-multrifruta-las-brisas,Jugo liviano multrifruta . las brisas,Bebidas y refrigerados,si
jugo-liviano-naranja-las-brisas,Jugo liviano naranja - las brisas,Bebidas y refrigerados,si
jugo-multifruta-las-brisas,Jugo multifruta - Las brisas,Bebidas y refrigerados,si
jugo-naranja-frutilla-las-brisas,Jugo naranja - frutilla las brisas,Bebidas y refrigerados,si
jugo-naranja-x4-las-brisas,Jugo naranja x4 - Las brisas,Bebidas y refrigerados,si
jugo-proteico-lima-limon,Jugo proteico lima- limon,Bebidas y refrigerados,si
jugo-proteico-mango-maracuya-las-brisas,Jugo proteico mango maracuya - las brisas,Bebidas y refrigerados,si
jugo-proteico-naranja-frutilla-las-brisas,Jugo proteico naranja frutilla - las brisas,Bebidas y refrigerados,si
leche-almendra-original-pampa-vida,Leche almendra Original Pampa Vida,Bebidas y refrigerados,si
leche-almendra-proteica-pampa-vida,Leche almendra proteica Pampa Vida,Bebidas y refrigerados,si
leche-almendra-s-azucar-pampa-vida,Leche almendra s/ azúcar Pampa Vida,Bebidas y refrigerados,si
limonada-de-hibiscus-las-brisas,Limonada de hibiscus - las brisas,Bebidas y refrigerados,si
tofu-clasico-firme-320gr-soyland,Tofu Clásico firme 320gr - SoyLand,Bebidas y refrigerados,si
tofu-finas-hierbas-320gr-soyland,Tofu Finas hierbas 320gr - SoyLand,Bebidas y refrigerados,si
tofu-pesto320gr-soyland,Tofu Pesto320gr - SoyLand,Bebidas y refrigerados,si
untable-crema-de-caju-vivet-finas-hierbas,Untable crema de caju vivet - finas hierbas,Bebidas y refrigerados,si
yogur-hera-x-150-gr,Yogur hera x 150 gr,Bebidas y refrigerados,si
yogurt-hera-x-300gr,Yogurt Hera x 300gr,Bebidas y refrigerados,si
yogurt-hera-x-450gr,Yogurt Hera x 450gr,Bebidas y refrigerados,si
yogurt-hera-x-750gr,Yogurt Hera x 750gr,Bebidas y refrigerados,si
yogurt-power-pro-chocolate-quimya,Yogurt Power Pro chocolate - Quimya,Bebidas y refrigerados,si
yogurt-arandanos-coco-logo,Yogurt arándanos - Coco Logo,Bebidas y refrigerados,si
yogurt-arandanos-quimya,Yogurt arándanos - Quimya,Bebidas y refrigerados,si
yogurt-batido-frutila-dahi,Yogurt batido frutila - Dahi,Bebidas y refrigerados,si
yogurt-batido-frutilla-pulpa-descremado-dahi,Yogurt batido frutilla pulpa descremado - Dahi,Bebidas y refrigerados,si
yogurt-batido-frutos-bosque-pulpa-descremado-dahi,Yogurt batido frutos bosque pulpa descremado - Dahi,Bebidas y refrigerados,si
yogurt-batido-frutos-del-bosque-descremado-dahi,Yogurt batido frutos del bosque descremado - Dahi,Bebidas y refrigerados,si
yogurt-batido-mango-maracuya-pulpa-descremado-dahi,Yogurt batido mango maracuya pulpa descremado - Dahi,Bebidas y refrigerados,si
yogurt-batido-proteico-frutos-rojos-dahi,Yogurt batido proteico frutos rojos - Dahi,Bebidas y refrigerados,si
yogurt-batido-proteico-vainilla-dahi,Yogurt batido proteico vainilla - Dahi,Bebidas y refrigerados,si
yogurt-frutilla-s-azucar-quimya,Yogurt frutilla s/azúcar - Quimya,Bebidas y refrigerados,si
yogurt-griego-mermelada-frambuesa-dahi,Yogurt griego mermelada frambuesa - Dahi,Bebidas y refrigerados,si
yogurt-mango-y-maracuya-s-azucar-quimya,Yogurt mango y maracuyá s/azúcar - Quimya,Bebidas y refrigerados,si
yogurt-pistacho-quimya,Yogurt pistacho - Quimya,Bebidas y refrigerados,si
yogurt-s-azucar-frutilla-coco-logo,Yogurt s/azúcar frutilla - Coco Logo,Bebidas y refrigerados,si
almohadita-avellanas,Almohadita avellanas,Cereales y legumbres,si
almohadita-chocolate,Almohadita chocolate,Cereales y legumbres,si
almohadita-chocolate-blanco,Almohadita chocolate blanco,Cereales y legumbres,si
almohadita-frutilla,Almohadita frutilla,Cereales y legumbres,si
almohadita-limon,Almohadita limón,Cereales y legumbres,si
almohadita-mani,Almohadita maní,Cereales y legumbres,si
aritos-frutales-granix,Aritos frutales Granix,Cereales y legumbres,si
arroz-carnaroli,Arroz carnaroli,Cereales y legumbres,si
arroz-doble-carolina,Arroz doble carolina,Cereales y legumbres,si
arroz-integral-yamani,Arroz integral Yamaní,Cereales y legumbres,si
arroz-largo-fino,Arroz largo fino,Cereales y legumbres,si
arroz-largo-fino-integral,Arroz largo fino integral,Cereales y legumbres,si
avena-instantanea,Avena Instantánea,Cereales y legumbres,si
avena-cumana-sin-gluten-tradicional-x400-gr,Avena cumaná sin gluten tradicional x400 gr,Cereales y legumbres,si
avena-cumana-sin-gluten-x400-gr,Avena cumaná sin gluten x400 gr,Cereales y legumbres,si
avena-mediana,Avena mediana,Cereales y legumbres,si
avena-tradicional,Avena tradicional,Cereales y legumbres,si
bastoncito-salvado-lasford,Bastoncito salvado - Lasford,Cereales y legumbres,si
bolitas-de-choco-lasford,Bolitas de choco- Lasford,Cereales y legumbres,si
copos-maiz-con-azucar-lasford,Copos maíz con azúcar - Lasford,Cereales y legumbres,si
copos-maiz-sin-azucar-lasford,Copos maíz sin azúcar - Lasford,Cereales y legumbres,si
garbanzos,Garbanzos,Cereales y legumbres,si
lenteja-nacional,Lenteja Nacional,Cereales y legumbres,si
lenteja-turca,Lenteja turca,Cereales y legumbres,si
lentejon-nacional,Lentejón Nacional,Cereales y legumbres,si
poroto-alubia,Poroto Alubia,Cereales y legumbres,si
poroto-negro,Poroto negro,Cereales y legumbres,si
tutuca-dulce,Tutuca dulce,Cereales y legumbres,si
tutuca-light,Tutuca light,Cereales y legumbres,si
bolsita-chipa-500gr-chipacheese,Bolsita chipa 500gr - chipacheese,Congelados,
empanadas-choclo,Empanadas choclo,Congelados,si
empanadas-verdura,Empanadas verdura,Congelados,si
hamburguesa-big-clasic-x2u-felices-las-vacas,Hamburguesa big clasic x2u - Felices las vacas,Congelados,si
medallones-brocoli-souno,Medallones brócoli souno,Congelados,si
medallon-calabaza-y-arroz-yamani-meraki,Medallón calabaza y arroz yamani - meraki,Congelados,
medallon-soja-c-oregano-x4-meraki,Medallón soja c/ oregano x4 - meraki,Congelados,
medallon-soja-c-provenzal-x4-meraki,Medallón soja c/ provenzal x4 - meraki,Congelados,
medallon-soja-relleno-muzza-x4-meraki,Medallón soja relleno Muzza x4- meraki,Congelados,
medallon-soja-relleno-roquefort-x2-meraki,Medallón soja relleno roquefort x2 - meraki,Congelados,
mini-pizzetas-integrales-x-6u-la-ribera,Mini pizzetas integrales x 6u la ribera,Congelados,
not-burger-quick-2x65gr-not-co,Not Burger quick 2x65gr - Not Co,Congelados,si
not-chicken-burger-2x80gr-not-co,Not chicken burger 2x80gr - Not Co,Congelados,si
not-chicken-crispy-rellena-champis-2x120gr-not-co,Not chicken crispy rellena champis 2x120gr- Not Co,Congelados,si
nuggets-brocoli-325gr-naturalrroz,Nuggets brócoli 325gr - Naturalrroz,Congelados,si
nuggets-espinaca-325gr-naturalrroz,Nuggets espinaca 325gr - Naturalrroz,Congelados,si
raviolones-reggianito,Raviolones reggianito,Congelados,si
raviolones-verdura,Raviolones verdura,Congelados,si
azucar-impalpable-jeraco,Azucar impalpable Jeraco,Endulzantes,si
azucar-mascabo,Azucar mascabo,Endulzantes,si
azucar-negra-jerarco,Azucar negra Jerarco,Endulzantes,si
azucar-rubia,Azúcar Rubia,Endulzantes,si
edulcorante-sucralosa-x200ml-kony,Edulcorante sucralosa x200ml Kony,Endulzantes,si
edulcorante-sucralosa-x500ml-kony,Edulcorante sucralosa x500ml Kony,Endulzantes,si
esencia-de-vainilla,Esencia de vainilla,Endulzantes,si
estevia-kony-liquida-100ml,Estevia kony liquida 100ml,Endulzantes,si
estevia-kony-liquida-200ml,Estevia kony liquida 200ml,Endulzantes,si
estevia-kony-liquida-500ml,Estevia kony liquida 500ml,Endulzantes,si
stevia-en-hoja,Stevia en hoja,Endulzantes,si
stevia-kony-x-1kg-en-polvo,Stevia kony x 1kg en polvo,Endulzantes,si
ajo-granulado,Ajo granulado,Especias y condimentos,si
aji-molido,AjÍ molido,Especias y condimentos,si
boldo-en-hojas-peoncito,Boldo en hojas peoncito,Especias y condimentos,si
burrito-hojas,Burrito hojas,Especias y condimentos,si
cacao-el-quilla-x-900gr,Cacao el quilla x 900gr,Especias y condimentos,si
canela-molida-extra-500gr-dussen,Canela molida extra 500gr - Dussen,Especias y condimentos,si
canela-polvo,Canela polvo,Especias y condimentos,si
cedron-en-hojas-peoncito,Cedrón en hojas- Peoncito,Especias y condimentos,si
chimichurry,Chimichurry,Especias y condimentos,si
chimichurry-deshidratado,Chimichurry deshidratado,Especias y condimentos,
coco-rallado-high-fat,Coco rallado high fat,Especias y condimentos,si
comino,Comino,Especias y condimentos,si
condimento-arroz,Condimento arroz,Especias y condimentos,si
curry,Curry,Especias y condimentos,si
curcuma,Cúrcuma,Especias y condimentos,si
digestiva-burro-cedron-poleo,"DIGESTIVA BURRO, CEDRON, POLEO",Especias y condimentos,si
hibiscus-flor-de-jamaica,Hibiscus/flor de jamaica,Especias y condimentos,si
jengibre-polvo,Jengibre polvo,Especias y condimentos,si
mix-antiinflamatoria-te-vtrde-coco-manzanilla,"MIX ANTIINFLAMATORIA TE VTRDE, COCO, MANZANILLA",Especias y condimentos,
mix-antioxidante-te-verde-menta-peperina,"MIX ANTIOXIDANTE - TE VERDE , MENTA, PEPERINA",Especias y condimentos,
mix-calma-manzanilla-pasionaria-y-melisa,MIX CALMA - MANZANILLA PASIONARIA Y MELISA,Especias y condimentos,
mix-citrico-cedron-cascara-de-naranja-y-limon,"MIX CITRICO - CEDRON, CASCARA DE NARANjA Y LIMON",Especias y condimentos,
mix-serrana-cedron-burro-manzanilla-menta-cascaras-de-naranja,"MIX SERRANA - CEDRON BURRO, MANZANILLA MENTA, CASCARAS DE NARANJA",Especias y condimentos,
manzanilla-x-kilo,Manzanilla x kilo,Especias y condimentos,si
melisa-en-hojas,Melisa en hojas,Especias y condimentos,si
menta-en-hojas-x-kilo,Menta en hojas x kilo,Especias y condimentos,si
mezcla-hierbas-acidez-congorosa-manzanilla-y-salvia,"Mezcla Hierbas acidez - congorosa, manzanilla y salvia",Especias y condimentos,si
mezcla-hierbas-digestiva,Mezcla Hierbas digestiva,Especias y condimentos,si
mezcla-en-hebras-frutos-rojos-x40gr-silvestres,Mezcla en hebras frutos rojos x40gr - Silvestres,Especias y condimentos,si
mezcla-en-hebras-manzanilla-anis-canela-x40gr-silvestres,Mezcla en hebras manzanilla/anis/canela x40gr - Silvestres,Especias y condimentos,si
mezcla-en-hebras-te-negro-chai-x40gr-silvestres,Mezcla en hebras té negro chai x40gr - Silvestres,Especias y condimentos,si
mezcla-hierbas-20-saquitos-patagonia,Mezcla hierbas 20 saquitos - Patagonia,Especias y condimentos,si
mix-de-sabores-30-saquitos-paragonia,Mix de sabores 30 saquitos - Paragonia,Especias y condimentos,si
mix-mate-manzanilla-poleo-burrito,"Mix mate - manzanilla, poleo, burrito",Especias y condimentos,si
nuez-moscada,Nuez Moscada,Especias y condimentos,si
oregano,Orégano,Especias y condimentos,si
paprika,Paprika,Especias y condimentos,si
peperina-hojas,Peperina hojas,Especias y condimentos,si
pimenton,Pimentón,Especias y condimentos,si
pimienta-negra-grano-premium,Pimienta negra grano premium,Especias y condimentos,si
pimienta-negra-grano-premium-x-500gr,Pimienta negra grano premium x 500gr,Especias y condimentos,si
poleo-hojas,Poleo hojas,Especias y condimentos,si
provenzal,Provenzal,Especias y condimentos,si
provenzal-cumana,Provenzal Cumaná,Especias y condimentos,si
ritual-anis-estrellado-canela-cedron-manzanilla,"RITUAL ANIS ESTRELLADO, CANELA, CEDRON MANZANILLA",Especias y condimentos,si
romero-cumana,Romero Cumaná,Especias y condimentos,si
ruda,Ruda,Especias y condimentos,si
sal-criolla-buck,Sal Criolla - Buck,Especias y condimentos,si
sal-rosada-fina-suelta,Sal Rosada fina suelta,Especias y condimentos,si
sal-ajo-y-cebolla-buck,Sal ajo y cebolla - Buck,Especias y condimentos,si
sal-jengibre-limon-y-ajo-buck,Sal jengibre limón y ajo - Buck,Especias y condimentos,si
sal-marina-gruesa-x500-gr-maya,Sal marina gruesa x500 gr - Maya,Especias y condimentos,si
sal-mix-especies-buck,Sal mix especies - Buck,Especias y condimentos,si
sal-mostaza-y-romero-buck,Sal mostaza y romero - Buck,Especias y condimentos,si
sal-paprika-ahumada-y-oregano-buck,Sal paprika ahumada y orégano - Buck,Especias y condimentos,si
sal-patagonia-buck,Sal patagonia - Buck,Especias y condimentos,si
sal-sin-sodio-argendiet,Sal sin sodio argendiet,Especias y condimentos,si
tomillo,Tomillo,Especias y condimentos,si
te-de-boldo-menta-poleo-20-saquitos-patagonia,Té de boldo/menta/poleo 20 saquitos - Patagonia,Especias y condimentos,si
te-de-frutos-del-bosque-20-saquitos-patagonia,Té de frutos del bosque 20 saquitos - Patagonia,Especias y condimentos,si
te-de-limon-y-frutas-20-saquitos-patagonia,Té de limón y frutas 20 saquitos - Patagonia,Especias y condimentos,si
te-de-naranja-y-cardamono-20-saquitos-patagonia,Té de naranja y cardamono 20 saquitos - Patagonia,Especias y condimentos,si
te-de-rojo-20-saquitos-patagonia,Té de rojo 20 saquitos - Patagonia,Especias y condimentos,si
te-de-rosa-mosqueta-20-saquitos-patagonia,Té de rosa mosqueta 20 saquitos - Patagonia,Especias y condimentos,si
te-de-tilo-20-saquitos-patagonia,Té de tilo 20 saquitos - Patagonia,Especias y condimentos,si
te-de-tilo-melisa-te-verde-naranjo-20-saquitos-patagonia,Té de tilo/melisa/té verde/naranjo 20 saquitos - Patagonia,Especias y condimentos,si
te-rojo-en-hebras,Té rojo en hebras,Especias y condimentos,si
te-verde-en-hebras,Té verde en hebras,Especias y condimentos,si
almendra-sin-cascara-guara-6,Almendra sin cascara guara 6,Frutos secos,si
castanas-de-caju-xkg-w4,Castañas de caju xkg W4,Frutos secos,si
castanas-de-para,Castañas de para,Frutos secos,si
chip-banana,Chip banana,Frutos secos,si
chips-de-banana,Chips de banana,Frutos secos,si
maiz-frito-barbacoa,Maiz frito barbacoa,Frutos secos,si
maiz-frito-mostaza-y-miel,Maiz frito mostaza y miel,Frutos secos,si
maiz-frito-tostado-y-salado,Maiz frito tostado y salado,Frutos secos,si
mani-cascara,Maní cáscara,Frutos secos,si
mani-japones,Maní japonés,Frutos secos,si
mani-repelado-con-sal,Maní repelado con sal,Frutos secos,si
mani-repelado-sin-sal,Maní repelado sin sal,Frutos secos,si
mix-cervecero,Mix Cervecero,Frutos secos,si
mix-cervecero-salado,Mix Cervecero - salado,Frutos secos,si
mix-europeo,Mix Europeo,Frutos secos,si
mix-frutos-secos-s-pasas-con-banana,Mix frutos secos s/ pasas con banana,Frutos secos,si
mix-frutos-secos-s-pasas,Mix frutos secos s/pasas,Frutos secos,si
mix-frutos-secos-s-pasas-con-mani,Mix frutos secos s/pasas con mani,Frutos secos,si
mix-frutos-secos-s-pasas-s-mani,Mix frutos secos s/pasas s/maní,Frutos secos,si
mix-patagonico,Mix patagónico,Frutos secos,si
mix-tropical,Mix tropical,Frutos secos,si
nueces-extra-light,Nueces extra light,Frutos secos,si
nueces-pecan,Nueces pecan,Frutos secos,si
pasas-de-uva-sultarina-negra,Pasas de uva sultarina negra,Frutos secos,si
pasas-de-uva-sultarinas-negras,Pasas de uva sultarinas negras,Frutos secos,si
pistacho-tostado-salado,Pistacho tostado salado,Frutos secos,si
pistacho-tostado-salado-x500,Pistacho tostado salado x500,Frutos secos,si
soja-texturizada,Soja texturizada,Frutos secos,si
alfajores-integrales-sin-azucar-choco,Alfajores integrales sin azucar choco,Granolas y barritas,si
barrita-brava-brava-choco,Barrita Brava brava - choco,Granolas y barritas,si
barrita-brava-brava-mundial,Barrita Brava brava Mundial,Granolas y barritas,si
barrita-cacao-y-avellanas-x16u-muecas,Barrita Cacao y avellanas x16u - Muecas,Granolas y barritas,si
barrita-manzana-y-arandanos-x16u-muecas,Barrita Manzana y arándanos x16u - Muecas,Granolas y barritas,si
barrita-avena-y-banana-10u-integra,Barrita avena y banana 10U - Íntegra,Granolas y barritas,si
barrita-banana-y-ddl-x16u-muecas,Barrita banana y ddl x16u - Muecas,Granolas y barritas,si
barrita-cacao-y-choco-10u-integra,Barrita cacao y choco 10U - Íntegra,Granolas y barritas,si
barrita-caju-y-arandanos-integra,Barrita caju y arandanos- Íntegra,Granolas y barritas,si
barrita-granomax-arandanos,Barrita granomax - arandanos,Granolas y barritas,si
barrita-granomax-banana,Barrita granomax - banana,Granolas y barritas,si
barrita-granomax-chocolate,Barrita granomax - chocolate,Granolas y barritas,si
barrita-granomax-coco,Barrita granomax - coco,Granolas y barritas,si
barrita-granomax-manzana,Barrita granomax - manzana,Granolas y barritas,si
barrita-granomax-pasas-de-uva,Barrita granomax - pasas de uva,Granolas y barritas,si
barrita-proteica-arandanos-zannas,Barrita proteica arandanos zannas,Granolas y barritas,si
barrita-proteica-avellanas-integra,Barrita proteica avellanas- integra,Granolas y barritas,si
barrita-proteica-banana-y-ddl-integra,Barrita proteica banana y ddl- integra,Granolas y barritas,si
barrita-proteica-cereal-banana-integra,Barrita proteica cereal banana - integra,Granolas y barritas,si
barrita-proteica-cereal-mani-y-chocolate-integra,Barrita proteica cereal mani y chocolate - integra,Granolas y barritas,si
barrita-proteica-cereal-pasta-de-mani-y-arandanos-integra,Barrita proteica cereal pasta de mani y arandanos - integra,Granolas y barritas,si
barrita-proteica-coco-y-cacao-zannas,Barrita proteica coco y cacao zannas,Granolas y barritas,si
barrita-proteica-coco-y-ddl-integra,Barrita proteica coco y ddl- integra,Granolas y barritas,si
barrita-proteica-mani-chocolate-10u-integra,Barrita proteica maní chocolate 10u - Íntegra,Granolas y barritas,si
barrita-proteica-pasta-de-mani-integra,Barrita proteica pasta de mani- integra,Granolas y barritas,si
granola-chocomax-proteica-x300gr-granomax,Granola Chocomax proteica x300gr - Granomax,Granolas y barritas,si
granola-granomax-arandanos-x300gr,Granola Granomax Arándanos x300gr,Granolas y barritas,si
granola-granomax-choco-wayx300gr,Granola Granomax Choco wayx300gr,Granolas y barritas,si
granola-granomax-choco-x300gr,Granola Granomax Choco x300gr,Granolas y barritas,si
granola-granomax-chocolate,Granola Granomax Chocolate,Granolas y barritas,si
granola-granomax-chocoway,Granola Granomax Chocoway,Granolas y barritas,si
granola-granomax-fitway-x300gr,Granola Granomax Fitway x300gr,Granolas y barritas,si
granola-granomax-manzana-x300gr,Granola Granomax Manzana x300gr,Granolas y barritas,si
granola-granomax-natural,Granola Granomax Natural,Granolas y barritas,si
granola-granomax-natural-x300gr,Granola Granomax Natural x300gr,Granolas y barritas,si
granola-granomax-pasas-de-uva,Granola Granomax Pasas de uva,Granolas y barritas,si
granola-granomax-pasas-uva-x300gr,Granola Granomax Pasas uva x300gr,Granolas y barritas,si
granola-granomax-pasta-mani-x300gr,Granola Granomax Pasta maní x300gr,Granolas y barritas,si
granola-granomax-power,Granola Granomax Power,Granolas y barritas,si
granola-power-max-x300gr-granomax,Granola Power max x300gr - Granomax,Granolas y barritas,si
granola-arandanos-s-azucar,Granola arándanos s/azúcar,Granolas y barritas,si
granola-arandanos-s-azucar-xkg-mandala-raiz,Granola arándanos s/azúcar xkg - mandala raiz,Granolas y barritas,si
granola-choco-integra,Granola choco integra,Granolas y barritas,si
granola-clasica-350gr-integra,Granola clásica 350gr - Íntegra,Granolas y barritas,si
granola-con-chocolate-mandala-raiz,Granola con chocolate - mandala raiz,Granolas y barritas,si
granola-con-coco-xkg-mandala-raiz,Granola con coco xkg - mandala raiz,Granolas y barritas,si
granola-manzana-dulce,Granola manzana dulce,Granolas y barritas,si
granola-manzana-dulce-xkg-mandala-raiz,Granola manzana dulce xkg - mandala raiz,Granolas y barritas,si
granola-manzana-s-azucar-xkg-mandala-raiz,Granola manzana s/azúcar xkg - mandala raiz,Granolas y barritas,si
granola-proteica-banana-y-choco-250-gr-integra,Granola proteica banana y choco 250 gr - Íntegra,Granolas y barritas,si
granola-proteica-pasta-de-mani-integra,Granola proteica pasta de mani - Íntegra,Granolas y barritas,si
granola-s-pasas,Granola s/pasas,Granolas y barritas,si
granola-s-pasas-xkg-mandala-raiz,Granola s/pasas xkg - mandala raiz,Granolas y barritas,si
granola-sintacc-integra,Granola sintacc integra,Granolas y barritas,si
granola-tradicional,Granola tradicional,Granolas y barritas,si
granola-tradicional-xkg-mandala-raiz,Granola tradicional xkg - mandala raiz,Granolas y barritas,si
granola-vegan-max-1kg-granomax,Granola vegan max 1kg - Granomax,Granolas y barritas,si
pepas-algarroba-batata,Pepas algarroba batata,Granolas y barritas,si
pepas-algarroba-frutos-rojos,Pepas algarroba frutos rojos,Granolas y barritas,si
pepas-algarroba-membrillo,Pepas algarroba membrillo,Granolas y barritas,si
pepas-pepe-manjar-bata,Pepas pepe manjar bata,Granolas y barritas,si
pepas-pepe-manjar-frutos-del-bosque-2,Pepas pepe manjar frutos del bosque,Granolas y barritas,si
pepas-pepe-manjar-membrillo-2,Pepas pepe manjar membrillo,Granolas y barritas,si
almidon-grutal,Almidón grutal,Harinas y derivados,si
bicarbonato-sodio,Bicarbonato sodio,Harinas y derivados,si
cacao-amargo-alcalino-ankas,Cacao amargo alcalino ankas,Harinas y derivados,si
fecula-mandioca-delicel-450gr,Fecula mandioca delicel 450gr,Harinas y derivados,si
fecula-de-mandioca,Fécula de mandioca,Harinas y derivados,si
harina-algarroba,Harina algarroba,Harinas y derivados,si
harina-de-garbanzos,Harina de Garbanzos,Harinas y derivados,si
harina-de-almendras-el-peoncito,Harina de almendras - El peoncito,Harinas y derivados,si
harina-de-almendras-economica,Harina de almendras económica,Harinas y derivados,si
harina-de-arroz-blanca,Harina de arroz blanca,Harinas y derivados,si
harina-de-arroz-integral,Harina de arroz integral,Harinas y derivados,si
harina-de-arveja,Harina de arveja,Harinas y derivados,si
harina-de-avena,Harina de avena,Harinas y derivados,si
harina-de-avena-integral-x350gr-dicomere,Harina de avena integral x350gr - Dicomere,Harinas y derivados,si
harina-de-lenteja,Harina de lenteja,Harinas y derivados,si
harina-de-trigo-sarraceno,Harina de trigo Sarraceno,Harinas y derivados,si
harina-garbanzo,Harina garbanzo,Harinas y derivados,si
harina-integral,Harina integral,Harinas y derivados,si
harina-proteica-peoncito-x-500g,Harina proteica - Peoncito x 500g,Harinas y derivados,si
levadura-natural-x-200g-nutrilieva,Levadura natural x 200g - Nutrilieva,Harinas y derivados,si
levadura-sabor-queso-x-200g-nutrilieva,Levadura sabor queso x 200g - Nutrilieva,Harinas y derivados,si
polvo-para-hornear-dicomere-x250gr,Polvo para hornear dicomere x250gr,Harinas y derivados,si
polvo-para-paine-x-500gr,Polvo para paine x 500gr,Harinas y derivados,si
premezcla-keto-brownie-200-gr-reina-food,Premezcla Keto brownie 200 gr - Reina food,Harinas y derivados,si
premezcla-keto-pancakes-wafles-200-gr-reina-food,Premezcla Keto pancakes/wafles 200 gr - Reina food,Harinas y derivados,si
premezcla-panaderia-y-reposteria-natuzen,Premezcla panadería y repostería - Natuzen,Harinas y derivados,si
premezcla-para-chipa-vegano-x200gr-natural-pop,Premezcla para chipa vegano x200gr - Natural pop,Harinas y derivados,si
premezcla-para-pan-integral-x500gr-delicel,Premezcla para pan integral x500gr - Delicel,Harinas y derivados,si
premezcla-universal-x500gr-delicel,Premezcla universal x500gr - Delicel,Harinas y derivados,si
budin-chocolate,Budin chocolate,Panificados,si
budin-limon,Budin limon,Panificados,si
pan-rustico-doble-salvado-la-francia,Pan Rústico Doble Salvado - La Francia,Panificados,si
pan-rustico-multicereal-la-francia,Pan Rústico Multicereal - La Francia,Panificados,si
pan-rustico-sin-sal-la-francia,Pan Rústico Sin sal - La Francia,Panificados,si
pan-rustico-semilla-activa-la-francia,Pan Rústico semilla activa - La Francia,Panificados,si
pan-de-molde-calabaza,Pan de molde Calabaza,Panificados,si
pan-de-molde-centeno,Pan de molde Centeno,Panificados,si
pan-de-molde-sarraceno,Pan de molde Sarraceno,Panificados,si
pan-de-molde-semillados,Pan de molde Semillados,Panificados,si
pan-la-ribera,Pan la ribera,Panificados,
panes-destacados-sintacc,Panes destacados sintacc,Panificados,si
prepizza,Prepizza,Panificados,si
amaranto-cumana,Amaranto - Cumaná,Semillas,si
chia-premium,Chía premium,Semillas,si
cous-cous,Cous- Cous,Semillas,si
girasol-s-cascara,Girasol s/ cáscara,Semillas,si
lino,Lino,Semillas,si
mix-semilla,Mix semilla,Semillas,si
quinoa-pop-sin-azucar,Quinoa pop sin azucar,Semillas,si
quinoa-pop-sin-azucar-ying-yang,Quinoa pop sin azucar ying yang,Semillas,si
quinoa-roja-el-peoncito,Quinoa roja- El peoncito,Semillas,si
semilla-sesamo-integral,Semilla sésamo integral,Semillas,si
semilla-zapallo,Semilla zapallo,Semillas,si
sesamo-integral,Sésamo integral,Semillas,si
ddl-con-stevia-sintacc-x220gr-dona-magdalena,DDL con stevia sintacc x220gr - Doña magdalena,Untables,si
ddl-deslactosado-sintacc-x450gr-dona-magdalena,DDL deslactosado sintacc x450gr - Doña magdalena,Untables,si
dulce-de-leche-trini-x400gr,Dulce de leche trini x400gr,Untables,si
hummus-ajo-ahumado-x230-gr-kyros,Hummus Ajo ahumado x230 gr- Kyros,Untables,si
hummus-clasico-x230-gr-kyros,Hummus Clásico x230 gr- Kyros,Untables,si
hummus-pimenton-x230-gr-kyros,Hummus Pimentón x230 gr- Kyros,Untables,si
hummus-remolacha-x230-gr-kyros,Hummus Remolacha x230 gr- Kyros,Untables,si
mermelada-c-stevia-ciruela-x280gr-tranquilina,Mermelada c/ Stevia ciruela x280gr - Tranquilina,Untables,si
mermelada-c-stevia-durazno-x280gr-tranquilina,Mermelada c/ Stevia durazno x280gr - Tranquilina,Untables,si
mermelada-de-frutos-del-bosque-s-azucar-x-454gr-bruncor,Mermelada de Frutos del bosque s/ azúcar x 454gr - Bruncor,Untables,si
mermelada-de-higo-clasica-x-454gr-bruncor,Mermelada de Higo Clásica x 454gr - Bruncor,Untables,si
mermelada-de-arandanos-dietetica-x-420gr-bruncor,Mermelada de arándanos dietética x 420gr - Bruncor,Untables,si
mermelada-de-durazno-clasico-x-454gr-bruncor,Mermelada de durazno clásico x 454gr - Bruncor,Untables,si
mermelada-de-durazno-sin-azucar-x-454gr-bruncor,Mermelada de durazno sin azúcar x 454gr - Bruncor,Untables,si
mermelada-de-frutilla-clasica-x-454gr-bruncor,Mermelada de frutilla clásica x 454gr - Bruncor,Untables,si
mermelada-de-frutilla-dietetica-x-420gr-bruncor,Mermelada de frutilla dietética x 420gr - Bruncor,Untables,si
miel-entrenuts-cremosa-x500gr-entrenuts,Miel entrenuts cremosa x500gr - Entrenuts,Untables,si
miel-entrenuts-liquida-x500gr-entrenuts,Miel entrenuts líquida x500gr - Entrenuts,Untables,si
miel-san-genaro-x500gr,Miel san genaro x500gr,Untables,si
pasta-de-mani-cacao-370gr-entrenuts,Pasta de maní cacao 370gr - Entrenuts,Untables,si
pasta-de-mani-coco-370gr-entrenuts,Pasta de maní coco 370gr - Entrenuts,Untables,si
pasta-de-mani-natural-370gr-entrenuts,Pasta de maní natural 370gr - Entrenuts,Untables,si
pasta-de-mani-salted-caramel-370gr-entrenuts,Pasta de maní salted caramel 370gr - Entrenuts,Untables,si
pack-500-gr-sol-y-luvia,Pack 500 Gr sol y luvia,Yerba,si
yerba-emperatriz-del-monte-x500gr,Yerba Emperatriz del monte x500gr,Yerba,si
yerba-mate-con-palo-500-gr-patagonia,Yerba Mate con palo 500 gr - Patagonia,Yerba,si
yerba-ajedrez-con-palo,Yerba ajedrez con palo,Yerba,si
yerba-ajedrez-con-palo-10kg,Yerba ajedrez con palo 10kg,Yerba,si
yerba-ajedrez-sin-palo,Yerba ajedrez sin palo,Yerba,si
yerba-ajedrez-sin-palo-10kg,Yerba ajedrez sin palo 10kg,Yerba,si
yerba-mate-teihang-x-500gr,Yerba mate Teihang x 500gr,Yerba,si
yerba-mate-agroecologica-x500-gr-mathienzo,Yerba mate agroecológica x500 gr - Mathienzo,Yerba,si
yerba-mate-tucangua-x-500gr,Yerba mate tucangua x 500gr,Yerba,si
mezcla-hierbas-acidez,Mezcla Hierbas acidez,Yuyos y té,si
mezcla-hierbas-mate,Mezcla hierbas mate,Yuyos y té,si
